$.日時形式	http://myfuturesightforpast.blogspot.jp/2016/12/how-to-get-date-time-time-zone-in-posix.html
$.指定回数ループ	http://myfuturesightforpast.blogspot.jp/2016/10/how-to-loop-n-times-in-posix-shell.html
$.実行時間の計測方法	http://myfuturesightforpast.blogspot.jp/2016/12/how-to-time-program-in-posix-shell.html
$.ドットコマンドで読み込まれたかどうかを判定	http://myfuturesightforpast.blogspot.jp/2016/12/how-to-check-if-script-executed-as.html
$.HTAを実行	http://myfuturesightforpast.blogspot.jp/2017/01/how-to-work-hta-mshtaexe-in-wine-on.html
$.シバンの検証	http://myfuturesightforpast.blogspot.jp/2017/01/what-is-shebang-binsh-in-posix-shell.html
$.コマンド利用判定方法	http://myfuturesightforpast.blogspot.jp/2016/12/how-to-check-if-command-enabled-in.html
$.シェルスクリプトの初期化	http://myfuturesightforpast.blogspot.jp/2016/12/how-to-initialize-posix-shell-script.html
$.書籍	http://myfuturesightforpast.blogspot.jp/2016/12/introduction-of-references-about.html
$.20年本レビュー	http://myfuturesightforpast.blogspot.jp/2016/12/windowsmacunix20.html
$.POSIXismとは	http://myfuturesightforpast.blogspot.jp/2016/12/what-is-posixism-posix-fundamentalism.html
$.コマンドのオプションが有効かどうかの判定	http://myfuturesightforpast.blogspot.jp/2016/10/how-to-check-if-command-option-is.html
$.ユーザーを判別する方法	http://myfuturesightforpast.blogspot.jp/2016/08/how-to-check-root-user-in-shell-script.html
$.列フィールドの抽出方法	http://myfuturesightforpast.blogspot.jp/2016/07/how-to-extract-column-field-in-shell.html
$.引数を使う方法	http://myfuturesightforpast.blogspot.jp/2016/06/how-to-use-shellscript-file-arguments.html
